{
  "total_trades": 3,
  "buys": 2,
  "sells": 1,
  "total_exposure": 0.0,
  "realized_pnl": 0.0,
  "unrealized_pnl": 0.0,
  "settled_trades": 3,
  "win_rate": 0.6666666666666666,
  "total_pnl_usd": 247.78003449965584,
  "avg_edge_at_entry": 0.059524809975373565,
  "max_drawdown_usd": 76.04289394676564,
  "execution_attempts": 3,
  "fill_rate": 1.0,
  "avg_slippage_bps": 4646.464646464647,
  "fees_paid_usd": 0.10638558161833907,
  "bankroll_start_usd": 1000.0,
  "terminal_equity_mtm_usd": 956.9217588107068,
  "max_drawdown_mtm_usd": 39.81633886453221,
  "time_under_water_signal_events": 4
}